{
  "bootstrap": 6.58071447757185,
  "materialize": 20.77853761178327,
  "tailwind": 7.15642045164908,
  "tailwind-all": 7.1178023946465485
}
