{
  "bootstrap": {
    "average_scope": 67.0937240694374,
    "p": 1.4759831790177034,
    "vp": 5.535299627521765,
    "pc": 8.406558385623207
  },
  "materialize": {
    "average_scope": 24.02474838515242,
    "p": 1.7444570453347301,
    "vp": 3.0321635504953983,
    "pc": 10.342625130793248
  },
  "tailwind": {
    "average_scope": 57.69015376345389,
    "p": 2.3955673165914346,
    "vp": 5.301329895811933,
    "pc": 12.523097445075294
  }
}
